{
  "mainToSub": {
    "DateField": [
      "DateField",
      "DateSegment",
      "Datelnput",
      "Description",
      "FieldError",
      "FieldMessage",
      "Label",
      "Text"
    ],
    "Calendar": [
      "Button",
      "Calendar",
      "CalendarCell",
      "CalendarGrid",
      "CalendarGridBody",
      "CalendarGridHeader",
      "CalendarHeaderCell",
      "Description",
      "Heading",
      "Text"
    ],
    "DatePicker": [
      "Button",
      "Calendar",
      "CalendarCell",
      "CalendarGrid",
      "CalendarGridBody",
      "CalendarGridHeader",
      "CalendarHeaderCell",
      "DatePicker",
      "DateSegment",
      "Datelnput",
      "Description",
      "Dialog",
      "FieldError",
      "FieldMessage",
      "Group",
      "Label",
      "Popover",
      "Text"
    ],
    "DateRangePicker": [
      "Button",
      "CalendarCell",
      "CalendarGrid",
      "CalendarGridBody",
      "CalendarGridHeader",
      "CalendarHeaderCell",
      "DateRangePicker",
      "DateSegment",
      "Datelnput",
      "Description",
      "Dialog",
      "FieldError",
      "FieldMessage",
      "Group",
      "Label",
      "Popover",
      "RangeCalendar",
      "Text"
    ],
    "RangeCalendar": [
      "Button",
      "CalendarCell",
      "CalendarGrid",
      "CalendarGridBody",
      "CalendarGridHeader",
      "CalendarHeaderCell",
      "Description",
      "FieldMessage",
      "Heading",
      "RangeCalendar",
      "Text"
    ],
    "TimeField": [
      "DateSegment",
      "Datelnput",
      "Description",
      "FieldError",
      "FieldMessage",
      "Label",
      "LabeledGroup",
      "TimeField"
    ],
    "Checkbox": [
      "Checkbox"
    ],
    "CheckboxGroup": [
      "Checkbox",
      "CheckboxGroup",
      "Description",
      "FieldError",
      "FieldMessage",
      "LabeledGroup",
      "Text"
    ],
    "Form": [
      "Form"
    ],
    "Text": [
      "Text"
    ],
    "Description": [
      "Text"
    ],
    "FieldMessage": [
      "Text"
    ],
    "FieldError": [
      "FieldError"
    ],
    "NumberField": [
      "Button",
      "Description",
      "FieldError",
      "FieldMessage",
      "Group",
      "Input",
      "Label",
      "NumberField",
      "Text"
    ],
    "RadioGroup": [
      "Description",
      "FieldError",
      "FieldMessage",
      "Radio",
      "RadioGroup",
      "Text"
    ],
    "SearchField": [
      "Button",
      "Description",
      "FieldError",
      "FieldMessage",
      "Input",
      "Label",
      "SearchField"
    ],
    "Slider": [
      "Description",
      "FieldMessage",
      "Label",
      "Slider",
      "SliderOutput",
      "SliderThumb",
      "SliderTrack"
    ],
    "TextInput": [
      "Description",
      "FieldError",
      "FieldMessage",
      "Input",
      "InputGroup",
      "Label",
      "LabeledGroup",
      "Text",
      "TextField"
    ],
    "TextArea": [
      "Description",
      "FieldError",
      "FieldMessage",
      "Label",
      "Text",
      "TextArea",
      "TextField"
    ],
    "Select": [
      "Button",
      "Description",
      "FieldError",
      "FieldMessage",
      "Header",
      "Label",
      "ListBox",
      "ListBoxSection",
      "ListBoxltem",
      "Popover",
      "Select",
      "SelectValue",
      "Separator",
      "Text"
    ],
    "ListBox": [
      "Header",
      "ListBox",
      "ListBoxLoadMoreltem",
      "ListBoxSection",
      "ListBoxltem",
      "Separator",
      "Text"
    ],
    "Switch": [
      "LabeledGroup",
      "Switch"
    ],
    "RadioCard": [
      "ToggleButton",
      "ToggleButtonGroup"
    ],
    "ToggleButton": [
      "ToggleButton"
    ],
    "ToggleButtonGroup": [
      "ToggleButton",
      "ToggleButtonGroup"
    ],
    "Button": [
      "Button"
    ],
    "FileTrigger": [
      "Button",
      "FileTrigger"
    ],
    "DropZone": [
      "DropZone",
      "FileTrigger",
      "Text"
    ],
    "GridList": [
      "GridList",
      "GridListHeader",
      "GridListLoadMoreltem",
      "GridListSection",
      "GridListltem"
    ],
    "Menu": [
      "Button",
      "Description",
      "Header",
      "Menu",
      "MenuSection",
      "MenuTrigger",
      "Menultem",
      "Popover",
      "Separator",
      "SubmenuTrigger",
      "Text"
    ],
    "Table": [
      "Button",
      "Cell",
      "Checkbox",
      "Column",
      "ColumnResizer",
      "ResizableTableContainer",
      "Row",
      "Table",
      "TableBody",
      "TableHeader",
      "TableLoadMoreltem"
    ],
    "TagGroup": [
      "Label",
      "LabeledGroup",
      "Tag",
      "TagGroup",
      "TagList",
      "Text"
    ],
    "Virtualizer": [
      "Virtualizer"
    ],
    "Tree": [
      "Tree",
      "TreeLoadMoreltem",
      "Treeltem",
      "TreeltemContent"
    ],
    "Breadcrumbs": [
      "Breadcrumb",
      "Breadcrumbs",
      "Link"
    ],
    "Accordion": [
      "Button",
      "Disclosure",
      "DisclosureGroup",
      "DisclosurePanel"
    ],
    "Link": [
      "Link"
    ],
    "ActionLink": [
      "Button",
      "Link"
    ],
    "Tabs": [
      "Tab",
      "TabList",
      "TabPanel",
      "Tabs"
    ],
    "Dialog": [
      "Button",
      "Dialog",
      "DialogTrigger",
      "Heading"
    ],
    "Modal": [
      "Button",
      "Dialog",
      "DialogTrigger",
      "Heading",
      "Modal",
      "ModalOverlay"
    ],
    "Popover": [
      "OverlayArrow",
      "Popover"
    ],
    "Tooltip": [
      "Button",
      "Tooltip",
      "TooltipTrigger"
    ],
    "Autocomplete": [
      "Autocomplete",
      "Button",
      "Label",
      "ListBox",
      "Menu",
      "MenuItem",
      "SearchField"
    ],
    "ComboBox": [
      "ComboBox",
      "Label"
    ],
    "Meter": [
      "Bar",
      "Label",
      "Meter"
    ],
    "ProgressBar": [
      "Bar",
      "Label",
      "ProgressBar"
    ],
    "Spinner": [
      "Label",
      "ProgressBar"
    ],
    "Toast": [
      "Toast"
    ],
    "Group": [
      "Group"
    ],
    "Toolbar": [
      "Separator",
      "Toolbar"
    ]
  },
  "subToMains": {
    "DateField": [
      "DateField"
    ],
    "DateSegment": [
      "DateField",
      "DatePicker",
      "DateRangePicker",
      "TimeField"
    ],
    "Datelnput": [
      "DateField",
      "DatePicker",
      "DateRangePicker",
      "TimeField"
    ],
    "Description": [
      "Calendar",
      "CheckboxGroup",
      "DateField",
      "DatePicker",
      "DateRangePicker",
      "Menu",
      "NumberField",
      "RadioGroup",
      "RangeCalendar",
      "SearchField",
      "Select",
      "Slider",
      "TextArea",
      "TextInput",
      "TimeField"
    ],
    "FieldError": [
      "CheckboxGroup",
      "DateField",
      "DatePicker",
      "DateRangePicker",
      "FieldError",
      "NumberField",
      "RadioGroup",
      "SearchField",
      "Select",
      "TextArea",
      "TextInput",
      "TimeField"
    ],
    "FieldMessage": [
      "CheckboxGroup",
      "DateField",
      "DatePicker",
      "DateRangePicker",
      "NumberField",
      "RadioGroup",
      "RangeCalendar",
      "SearchField",
      "Select",
      "Slider",
      "TextArea",
      "TextInput",
      "TimeField"
    ],
    "Label": [
      "Autocomplete",
      "ComboBox",
      "DateField",
      "DatePicker",
      "DateRangePicker",
      "Meter",
      "NumberField",
      "ProgressBar",
      "SearchField",
      "Select",
      "Slider",
      "Spinner",
      "TagGroup",
      "TextArea",
      "TextInput",
      "TimeField"
    ],
    "Text": [
      "Calendar",
      "CheckboxGroup",
      "DateField",
      "DatePicker",
      "DateRangePicker",
      "Description",
      "DropZone",
      "FieldMessage",
      "ListBox",
      "Menu",
      "NumberField",
      "RadioGroup",
      "RangeCalendar",
      "Select",
      "TagGroup",
      "Text",
      "TextArea",
      "TextInput"
    ],
    "Button": [
      "Accordion",
      "ActionLink",
      "Autocomplete",
      "Button",
      "Calendar",
      "DatePicker",
      "DateRangePicker",
      "Dialog",
      "FileTrigger",
      "Menu",
      "Modal",
      "NumberField",
      "RangeCalendar",
      "SearchField",
      "Select",
      "Table",
      "Tooltip"
    ],
    "Calendar": [
      "Calendar",
      "DatePicker"
    ],
    "CalendarCell": [
      "Calendar",
      "DatePicker",
      "DateRangePicker",
      "RangeCalendar"
    ],
    "CalendarGrid": [
      "Calendar",
      "DatePicker",
      "DateRangePicker",
      "RangeCalendar"
    ],
    "CalendarGridBody": [
      "Calendar",
      "DatePicker",
      "DateRangePicker",
      "RangeCalendar"
    ],
    "CalendarGridHeader": [
      "Calendar",
      "DatePicker",
      "DateRangePicker",
      "RangeCalendar"
    ],
    "CalendarHeaderCell": [
      "Calendar",
      "DatePicker",
      "DateRangePicker",
      "RangeCalendar"
    ],
    "Heading": [
      "Calendar",
      "Dialog",
      "Modal",
      "RangeCalendar"
    ],
    "DatePicker": [
      "DatePicker"
    ],
    "Dialog": [
      "DatePicker",
      "DateRangePicker",
      "Dialog",
      "Modal"
    ],
    "Group": [
      "DatePicker",
      "DateRangePicker",
      "Group",
      "NumberField"
    ],
    "Popover": [
      "DatePicker",
      "DateRangePicker",
      "Menu",
      "Popover",
      "Select"
    ],
    "DateRangePicker": [
      "DateRangePicker"
    ],
    "RangeCalendar": [
      "DateRangePicker",
      "RangeCalendar"
    ],
    "LabeledGroup": [
      "CheckboxGroup",
      "Switch",
      "TagGroup",
      "TextInput",
      "TimeField"
    ],
    "TimeField": [
      "TimeField"
    ],
    "Checkbox": [
      "Checkbox",
      "CheckboxGroup",
      "Table"
    ],
    "CheckboxGroup": [
      "CheckboxGroup"
    ],
    "Form": [
      "Form"
    ],
    "Input": [
      "NumberField",
      "SearchField",
      "TextInput"
    ],
    "NumberField": [
      "NumberField"
    ],
    "Radio": [
      "RadioGroup"
    ],
    "RadioGroup": [
      "RadioGroup"
    ],
    "SearchField": [
      "Autocomplete",
      "SearchField"
    ],
    "Slider": [
      "Slider"
    ],
    "SliderOutput": [
      "Slider"
    ],
    "SliderThumb": [
      "Slider"
    ],
    "SliderTrack": [
      "Slider"
    ],
    "InputGroup": [
      "TextInput"
    ],
    "TextField": [
      "TextArea",
      "TextInput"
    ],
    "TextArea": [
      "TextArea"
    ],
    "Header": [
      "ListBox",
      "Menu",
      "Select"
    ],
    "ListBox": [
      "Autocomplete",
      "ListBox",
      "Select"
    ],
    "ListBoxSection": [
      "ListBox",
      "Select"
    ],
    "ListBoxltem": [
      "ListBox",
      "Select"
    ],
    "Select": [
      "Select"
    ],
    "SelectValue": [
      "Select"
    ],
    "Separator": [
      "ListBox",
      "Menu",
      "Select",
      "Toolbar"
    ],
    "ListBoxLoadMoreltem": [
      "ListBox"
    ],
    "Switch": [
      "Switch"
    ],
    "ToggleButton": [
      "RadioCard",
      "ToggleButton",
      "ToggleButtonGroup"
    ],
    "ToggleButtonGroup": [
      "RadioCard",
      "ToggleButtonGroup"
    ],
    "FileTrigger": [
      "DropZone",
      "FileTrigger"
    ],
    "DropZone": [
      "DropZone"
    ],
    "GridList": [
      "GridList"
    ],
    "GridListHeader": [
      "GridList"
    ],
    "GridListLoadMoreltem": [
      "GridList"
    ],
    "GridListSection": [
      "GridList"
    ],
    "GridListltem": [
      "GridList"
    ],
    "Menu": [
      "Autocomplete",
      "Menu"
    ],
    "MenuSection": [
      "Menu"
    ],
    "MenuTrigger": [
      "Menu"
    ],
    "Menultem": [
      "Menu"
    ],
    "SubmenuTrigger": [
      "Menu"
    ],
    "Cell": [
      "Table"
    ],
    "Column": [
      "Table"
    ],
    "ColumnResizer": [
      "Table"
    ],
    "ResizableTableContainer": [
      "Table"
    ],
    "Row": [
      "Table"
    ],
    "Table": [
      "Table"
    ],
    "TableBody": [
      "Table"
    ],
    "TableHeader": [
      "Table"
    ],
    "TableLoadMoreltem": [
      "Table"
    ],
    "Tag": [
      "TagGroup"
    ],
    "TagGroup": [
      "TagGroup"
    ],
    "TagList": [
      "TagGroup"
    ],
    "Virtualizer": [
      "Virtualizer"
    ],
    "Tree": [
      "Tree"
    ],
    "TreeLoadMoreltem": [
      "Tree"
    ],
    "Treeltem": [
      "Tree"
    ],
    "TreeltemContent": [
      "Tree"
    ],
    "Breadcrumb": [
      "Breadcrumbs"
    ],
    "Breadcrumbs": [
      "Breadcrumbs"
    ],
    "Link": [
      "ActionLink",
      "Breadcrumbs",
      "Link"
    ],
    "Disclosure": [
      "Accordion"
    ],
    "DisclosureGroup": [
      "Accordion"
    ],
    "DisclosurePanel": [
      "Accordion"
    ],
    "Tab": [
      "Tabs"
    ],
    "TabList": [
      "Tabs"
    ],
    "TabPanel": [
      "Tabs"
    ],
    "Tabs": [
      "Tabs"
    ],
    "DialogTrigger": [
      "Dialog",
      "Modal"
    ],
    "Modal": [
      "Modal"
    ],
    "ModalOverlay": [
      "Modal"
    ],
    "OverlayArrow": [
      "Popover"
    ],
    "Tooltip": [
      "Tooltip"
    ],
    "TooltipTrigger": [
      "Tooltip"
    ],
    "Autocomplete": [
      "Autocomplete"
    ],
    "MenuItem": [
      "Autocomplete"
    ],
    "ComboBox": [
      "ComboBox"
    ],
    "Bar": [
      "Meter",
      "ProgressBar"
    ],
    "Meter": [
      "Meter"
    ],
    "ProgressBar": [
      "ProgressBar",
      "Spinner"
    ],
    "Toast": [
      "Toast"
    ],
    "Toolbar": [
      "Toolbar"
    ]
  }
}